movie_name,release_year,imdb_grades,genres,casts,duration in min,country,production
Pride Jewel,2022,,"Action,Thriller","JakeVincent,SarkisBakalyan,GeorgeBoudoures,AyaHoja,BrianD.Cohen",96,UnitedStatesofAmerica,"AppliedArtProductions,PointupFilms"
Black Site,2022,,"Thriller,Action","MichelleMonaghan,JaiCourtney,JasonClarke,FayssalBazzi,UliLatukefu",99,UnitedStatesofAmerica,"ThunderRoadPictures,StoryBridgeFilms,AsburyParkPictures"
A Thousand Little Cuts,2022,,Thriller,"BrooksRyan,TrisMarie,RandyWayne,RebeccaLiddiard,MaggieMcClure",87,UnitedStatesofAmerica,"FilmstreetProductions,SpitfireProductions"
Survive,2022,,"Adventure,Drama,Thriller","TerenceMaynard,LaurelMarsden,MartaTimofeeva,SophieTurner,CoreyHawkins",108,UnitedStatesofAmerica,Gunpowder&Sky
Dead by Midnight (Y2Kill),2022,,Horror,"KaneHodder,BillMoseley,ErinBrown,HannahFierman,ChrisGore",96,UnitedStatesofAmerica,"MemoryWedge,MonsterbusterEntertainment,You42"
Wrath: A Seven Deadly Sins Story,2022,,"TVMovie,Thriller","TinaKnowles,RomeoMiller,AntonioCupo,MichelleWilliams,",85,SouthAfrica,XXX
A Second Chance at Love,2022,,"TVMovie,Comedy,Romance","JarodJoseph,NykeemProvo,EriqLaSalle,LatonyaWilliams,B.J.Harrison",84,UnitedStatesofAmerica,NGNProductions
The Mystery of Lop Nur,2022,,"Adventure,ScienceFiction,Action","ChoenyiTsering,JerryWu,GaoChenglong,ZhipengWang,TongYang",86,Argentina,"ShenzhenFenghaiBrothersCulturalMediaCo,DongyangDreamMakerFilmCo,KechuanCulturalDevelopmentCo"
"Love, Game, Match",2022,,"Romance,TVMovie,Comedy,Family","CristineProsperi,SylviaGraceCrim,SusanLaBrecque,ShannonCollins,BrookeBurfitt",85,UnitedStatesofAmerica,"ChamplainMedia,Pictureland"
How Did We Get Here?,2022,,Documentary,"SeánWilliamMcLoughlin,BrentLilley,RyanReynolds,JackBlack,KarenGillan",83,Canada,"ShoutFactory!,MomentHouse,RealGoodTouring"
Icahn: The Restless Billionaire,2022,,Documentary,"BillGates,AndrewRossSorkin,OliverStone,CarlIcahn,CaraLombardo",102,UnitedStatesofAmerica,"HBODocumentaryFilms,AtlasMediaCorp."
The Marvelous Mrs. Shenkman,2022,,Comedy,"AprilHavaShenkman,JaredWhitham,MiguelAyala,KarinaDeLaCruz,AudreyDensmore",60,Russia,XXX
Stalked by a Prince,2022,,"Thriller,TVMovie","JonathanKeltz,NatalieHall,",85,UnitedKingdom,XXX
SILVERBACK: The Trent Williams Story,2021,,Documentary,"LilWayne,TrentWilliams,AdrianPeterson,VernonDavis,VinceTaylor",86,UnitedKingdom,"CloseUp360,LLC"
Set Secrets,2022,,Drama,"JesseDwightBingham,NadineBone,TroyJackson,PatreiceManders,",78,UnitedStatesofAmerica,FocusedFylmz
The Millennial,2020,,Drama,"TerayleHill,KhalilKain,ObbaBabatundé,TerriJ.Vaughn,IvanMbakop",80,Canada,"Studio11Films,ComeHereBenjiProductions,EyeamCinema"
The Policeman's Lineage,2022,,Mystery,"ChoJin-woong,ParkHee-soon,KwonYul,LeeHyun-Wook,ParkMyung-hoon",119,UnitedStatesofAmerica,"AcemakerMovieworks,LeeyangFilm"
Asurado,2021,,"Action,Crime","LeeDoll-hyung,LeeSeol‑gu,LeeWon-jong,JangGwang,JungMi-nam",90,UnitedStatesofAmerica,JOYNCINEMA
North to Home,2022,,"Drama,TVMovie,Family","FredKeating,MattHamilton,BarbaraNiven,EricaDurance,TomStevens",84,UnitedKingdom,TimelessPictures
Brazen,2022,,"Drama,Mystery,Thriller","AlyssaMilano,AlisonAraya,SamPage,EmilieUllerup,ColleenWheeler",94,UnitedStatesofAmerica,MandalayPictures
Song Ci,2022,,"Mystery,History,Thriller","HaiboChang,ZhaoYibei,BobbyAu-Yeung,LuYu,ShaoYun",92,UnitedStatesofAmerica,"映美传媒,大唐星禾"
Back On The Society,2021,,"Crime,Drama","JordanChan,SamLee,",79,SouthKorea,XXX
Happy New Year,2021,,"Comedy,Romance","HanJi-min,KangHa-neul,LeeHye-young,LimYoona,JungJin-young",90,UnitedStatesofAmerica,"CJENM,HiveMediaCorp"
Louis C.K.: Sorry,2021,,Comedy,"LouisC.K.,",63,Canada,CircusKingFilms
9/11: Life Under Attack,2021,,"Documentary,TVMovie,History",XXX,77,UnitedStatesofAmerica,"HistoryChannel,FranceTélévisions,VrijzinnigProtestantseRadioOmroep(VPRO),ITV,BrookLappingProductions"
South Park: Post Covid,2021,,"Animation,Comedy","MattStone,AprilStewart,TreyParker,MonaMarshall,KimberlyBrooks",60,UnitedKingdom,"MTVStudios,SouthParkStudios"
Autumn Road,2021,,"Thriller,Mystery,Horror,Drama","LoreleiLinklater,LarParkLincoln,KerryMcCormick,GeorgeWelder,RileyCusick",95,UnitedStatesofAmerica,TheLastMotel
Baking Spirits Bright,2021,,"TVMovie,Comedy,Romance","RekhaSharma,DionJohnstone,ManojSood,AadilaDosani,NimetKanji",84,Canada,"PrincipleProductions,BRBPictures,StudioBRB,UpstreamFlix"
You Make It Feel Like Christmas,2021,,"TVMovie,Romance,Comedy","MichaelXavier,SolangeSookram,JohnB.Lowe,AlexPoch-Goldin,AdamHurtig",89,Canada,MarvistaEntertainment
Amina,2021,,"War,Adventure,Drama,History","LucyAmeh,EmmanuelDegri,SaniDanja,BlessingGodwinOgaga,NwekeVictoria",120,UnitedStatesofAmerica,VideosonicStudiosGroupLtd
Pups Alone,2021,,"Family,Comedy","RobSchneider,DolphLundgren,MalcolmMcDowell,KeithDavid,ReneeDorian",107,UnitedStatesofAmerica,"BoundlessPictures,Firebrand"
The Danger Next Door,2021,,News,"MariaCasado,ElenaValenciano,",87,Netherlands,XXX
Fighting For Her Family,2021,,Drama,"AdamHuss,AliceAmter,CameronGilliam,AliveaDisney-LaFavor,PaigeMartinReynolds",82,UnitedStatesofAmerica,HeadlongEntertainment
The Good Father: The Martin MacNeill Story,2021,,"TVMovie,Drama","TomEverettScott,CharismaCarpenter,AnwenO'Driscoll,",84,UnitedStatesofAmerica,XXX
Waking Up To Danger,2021,,Drama,XXX,85,UnitedStatesofAmerica,StreaminstantlyDetails
Picture Perfect Lies,2021,,"Thriller,Family,TVMovie,Crime","MatthewPohlkamp,JamieRoy,JoelBerti,JordanFrechtman,CrystalAllen",85,UnitedStatesofAmerica,"ReelOneEntertainment,MapleIslandFilms"
Black Light,2021,,Drama,"ParkJi-hu,YumHye-ran,LeeJu-won,KimSee-eun,JoDae-hee",107,UnitedStatesofAmerica,"ChallanFilm,FilmNewWave,OneTakeFilm"
The Queen of Kung Fu,2020,,"Romance,Action","LeifYe,LiuMengmeng,QingFeng,",86,UnitedStatesofAmerica,XXX
Up Up & Up,2019,,"Animation,Family,Comedy",XXX,82,UnitedStatesofAmerica,BlueLionEntertainmentCo.
Supporting Mom's Affair,2020,,"Comedy,Drama","LeeIn-young,ShinJi-suk,YooByung-sun,ChoiSol-hee,",61,Switzerland,XXX
Morning Show Mysteries: Murder Ever After,2021,,"TVMovie,Mystery,Crime","KarenRobinson,OsricChau,DavidLewis,CarolineCave,GraemeMcComb",84,UnitedStatesofAmerica,ShowRoadProductions
In Action,2020,,"Action,Comedy","EricSilvera,SeanKenealy,",79,Canada,ThinkpieLLC
Little Mix: LM5: The Tour Film,2020,,Documentary,"PerrieEdwards,JadeThirlwall,JesyNelson,Stormzy,Leigh-AnnePinnock",90,Australia,TrafalgarReleasing
Double Patty,2021,,Drama,"KangDoo,JungYoung-joo,JoDal-hwan,Irene,ShinSeung-ho",107,UnitedStatesofAmerica,"KT,백그림,kth"
Party 'Round the Globe,2018,,"Comedy,Drama","GakuImamura,MisaoHirayama,HirobumiWatanabe,",116,France,FoolishPiggiesFilms
Francesco,2020,,Documentary,"PopeFrancis,GretaThunberg,PopeBenedictXVI,JuanCarlosCruz,",116,UnitedStatesofAmerica,"Abramorama,UCLASchoolofFilmandTelevision,Discovery+,VisualEffectsStudio,DiamondDocs"
Dance!,2018,,"Animation,Music","KJSchrock,",68,Serbia,WOWNowEntertainment
The Old World,2020,,Action,"BrunoHoffmann,SzymonGodziek,RachelAtherton,DawidGodziek,NicoVink",69,SouthKorea,RedBullMediaHouse
The Wild Heart,1952,,Drama,"JenniferJones,CyrilCusack,SybilThorndike,DavidFarrar,HughGriffith",82,Japan,"TheArchers,LondonFilmProductions,VanguardFilms"
Crock of Gold: A Few Rounds with Shane MacGowan,2020,,Documentary,XXX,124,UnitedKingdom,"BBCMusic,HanWayFilms,WarnerMusicEntertainment"
Beaus of Holly,2020,,"Comedy,TVMovie,Romance","JohnnyPacar,NikkiLeigh,MichaelCopon,JenniferFreeman,",80,UnitedStatesofAmerica,XXX
Taylor Swift – Folklore: The Long Pond Studio Sessions,2020,,"Music,Documentary","AaronDessner,TaylorSwift,JackAntonoff,JustinVernon,",106,UnitedStatesofAmerica,"ElectricLightStudios,TaylorSwiftProductions"
The Rise and Fall of the City of Mahagonny,2011,,"Music,Drama","DonaldKaasch,JohnEasterlin,WillardWhite,OttoKatzameier,JaneHenschel",138,France,BelAirClassiques
Fame: The Musical,2020,,Drama,"SimonAnthony,AlexanderZane,DuncanSmith,DaisyEdwards,MollyMcGuire",120,UnitedStatesofAmerica,EightEngines
Revenge of the Samurai Cop,2017,,"Comedy,Action,Crime","DawnaLeeHeising,MarkFrazer,MelNovak,KristineDeBell,RalphGarman",97,UnitedKingdom,CineridgeEntertainment
Hellis,2018,,"Drama,Action,Thriller","MaxAmato,MariusBizau,DavideAmato,",77,UnitedStatesofAmerica,DavidPetrucciFilms
Five-O,2016,,"Action,Comedy","AdrianMillerJr.,ChamarAvery,MurdaPain,MartellLane,ThomasL.Harris",110,UnitedKingdom,IndieRights
Roy Chubby Brown - Hangs up the Helmet Live,2015,,Comedy,"Roy""Chubby""Brown,",64,UnitedStatesofAmerica,UniversalPictures
East Side Story,2015,,"Adventure,Action,Crime","NatalieGonzalez,NateGriffin,KevinStewart,MalekBurns,TonyStanz",87,Canada,MataboEntertainment
Rodencia and the Princess Tooth,2012,,Animation,"GonzaloUrtizberéa,EnriquePorcellana,RicardoAlanis,HernánBravo,NataliaRosminati",87,UnitedKingdom,"InstitutoNacionaldeCineyArtesAudiovisuales,RedPost"
Cosmos,2019,,"Adventure,ScienceFiction,Mystery","MaureenSadusk,AlbertAmerson,JeannieJefferies,",90,UnitedStatesofAmerica,EllianderPictures
Air Bound,2018,,Animation,"AkioOtsuka,ShuuichiIkeda,YasuhiroTakato,WataruTakagi,YuukiKaji",94,Philippines,XXX
Bad Dad Rehab,2016,,Drama,"WesleyJonathan,RobertRi'chard,MalikYoba,RickGonzalez,RobertChristopherRiley",90,UnitedKingdom,"BobbcatFilms,TVOne"
A Mosquito-Man,2016,,"Thriller,Adventure","MichaelManasseri,FalahCannon,KimberleyKates,MontyBane,RickyWayne",79,UnitedStatesofAmerica,BigScreenEntertainmentGroup
Dark Cove,2016,,"Thriller,Horror","CameronCrosby,AlexandraBrown,RobWilley,TyStokoe,JamesAnderson",90,UnitedStatesofAmerica,TallGrassFilms
Sammy and Co: Turtle Reef,2016,,"Animation,Adventure,Family",XXX,75,UnitedStatesofAmerica,MomentumPictures
Space Dogs Adventure to the Moon,2016,,"Animation,Family","AshleeSimpson,AliciaSilverstone,SamuelWitwer,",90,UnitedStatesofAmerica,XXX
Tyler Perry's Aunt Bam's Place - The Play,2012,,"Music,Family,Comedy","RalphNocerini,SeanReimer,MaryBecker,TaralHicks,CassiDavis",105,UnitedStatesofAmerica,XXX
The Black Hole,2015,,"ScienceFiction,Thriller","IzzieSteele,AaronPerilo,DarlaRae,DeanCain,MalcolmMcDowell",90,UnitedStatesofAmerica,"BlackWingDigital,AsgardEntertainment,RedPineStudios"
Sociopathia,2015,,Horror,"TammyJean,NicolaFiore,AstaParedes,JasonKeenan,RosarioAlmontes",90,Canada,NapalmLoveProductions
Free the Nipple,2014,,"Comedy,Drama","MoniqueColeman,LinaEsco,JaneaneGarofalo,ZachGrenier,CaseyLaBow",90,UnitedStatesofAmerica,"BethsabéeMucho,DisruptiveFilms"
Homeward Bound: The Incredible Journey,1993,,"Drama,Adventure,Family,Comedy","MichaelJ.Fox,FrankWelker,TedD'Arms,JeanSmart,DonAmeche",90,UnitedKingdom,"TouchwoodPacificPartners1,WaltDisneyPictures"
Two Years Before the Mast,1946,,"Adventure,Drama","JamesBurke,DarrylHickman,BrianDonlevy,LuisvanRooten,TheodoreNewton",90,UnitedStatesofAmerica,Paramount
Zeus & Roxanne,1997,,"Adventure,Romance,Family,Comedy","ArnoldVosloo,JimR.Coleman,KathleenQuinlan,DuchessTomasello,MikoHughes",90,UnitedStatesofAmerica,RysherEntertainment
Martin Lawrence: You So Crazy,1994,,Comedy,"MartinLawrence,",90,UnitedStatesofAmerica,HBOIndependentProductions
Bob the Butler,2005,,Comedy,"DoloresDrake,HiroKanagawa,BillChandler,JuliaArkos,GenevieveBuechner",90,Lithuania,"RampageEntertainment,AquariusFilms,BobProductions,OpenEyeProductions"
The Dentist 2: Brace Yourself,1998,,"Mystery,Horror","RalphP.Martin,JillianMcWhirter,LindaHoffman,CorbinBernsen,WendyRobie",90,UnitedStatesofAmerica,TrimarkPictures
The Program,1993,,"Drama,Action,Romance","CraigSheffer,KristySwanson,AndrewBryniarski,OmarEpps,HalleBerry",90,UnitedStatesofAmerica,TouchstonePictures
High School Debut,2011,,"Romance,Comedy","RinaAizawa,YukaMasuda,JunpeiMizobata,ItoOhno,YukiFurukawa",90,UnitedStatesofAmerica,AsmikAce
Paheli,2005,,"Romance,Drama,Fantasy","JuhiChawla,RajpalYadav,RaniMukerji,AnupamKher,NaseeruddinShah",90,UnitedStatesofAmerica,RedChilliesEntertainment
Pure Country 2: The Gift,2010,,"Romance,Drama,Music","DeanCain,DavidChattam,MichaelYama,ToddTruley,WilliamKatt",90,Australia,AngryMonkeyEntertainment
Dream House,2011,,"Mystery,Drama,Thriller","SarahGadon,MarleyOtto,JamesCollins,NaomiWatts,DavidHuband",90,Canada,"CliffjackMotionPictures,MorganCreekProductions"
Convergence,2015,,"Mystery,Action,Thriller","LauraCayouette,ChelseaBruland,JonathanDePew,GingerMcNamara,LuisDaSilvaJr.",90,UnitedStatesofAmerica,"DramaFreeZone,Frame29Films"
Donald Trump's The Art of the Deal: The Movie,2016,,Comedy,"TymberleeHill,HenryWinkler,JackMcBrayer,PaulScheer,JacobTremblay",90,Canada,FunnyorDie
The Division: Agent Origins,2016,,Action,"SashaAndreev,EdithCampion,RachelHernandez,KarlaSmith,CarolineFlint",90,UnitedStatesofAmerica,"CorridorDigital,UbisoftEntertainment"
Monkey Up,2016,,"Comedy,Family","ChrisCoppola,DannyWoodburn,SkylerGisondo,DavidMilchard,AtticusShaffer",90,UnitedStatesofAmerica,AirBudEntertainment
Stag Hunt,2015,,"Comedy,Horror","JulieT.Wallace,MackenzieAstin,KatherineMurray-Cowper,JoanFoster,WilliamBrandt",90,Argentina,DogFaceFilms
Eddie and the Cruisers,1983,,"Music,Drama","KennyVance,JohnStockwell,RobertoLombardi,HowardJohnson,JoePantoliano",90,Germany,"AuroraProductions,EmbassyPicturesCorporation"
Hell Fire,2015,,Horror,"EleanorWragge,EddieHegan,MarkThomson,JoshuaCole,SarahLlewellyn",90,UnitedStatesofAmerica,MaritimPictures
Closer to God,2014,,"Thriller,ScienceFiction,Horror","JeremyChilds,FionaBrown,AnnCoc-Kroft,ErinMills,CushlaAshton",90,UnitedStatesofAmerica,LCPictures
Appetite for Love,2016,,"Romance,Drama,TVMovie","FionaVroom,StefaniaIndelicato,JasonSimpson,CardiWong,AntonioCayonne",90,UnitedStatesofAmerica,CrownMediaProductions
Manson's Lost Girls,2016,,"Drama,TVMovie,Crime,Thriller","GraceVictoriaCox,EdenBrolin,JeffWard,IsabelShill,LeJon",90,UnitedStatesofAmerica,AsylumEntertainment
Unlucky Stars,2015,,"Thriller,Comedy,Action,Adventure","MackenzieFirgens,SamHargrave,AmyJohnston,GeorgeCrayton,JoseMontesinos",90,UnitedKingdom,PrototypeMonks
Whitney,2015,,"Romance,Drama,Music","ArlenEscarpeta,JamesA.Watson,Jr,Billy'Sly'Williams,NafessaWilliams,YayaDaCosta",90,UnitedStatesofAmerica,"SilverScreenPictures,SanitskyCompany"
Mr. Fix It,2006,,"Comedy,Romance","HerschelBleefeld,PatHealy,LeeWeaver,RodneyRowland,GeminiBarnett",90,UnitedStatesofAmerica,"One-Tu-ThreeProductionsInc.,ChicarayFilms"
Thicker Than Water,1999,,"Drama,Action","FatJoe,IceCube,Tom'yaBowden,KidadaJones,GarrettMarchbank",90,Germany,Marsmedia
The Spitfire Grill,1996,,"Drama,Comedy","WillPatton,EllenBurstyn,KieranMulroney,JohnM.Jackson,MarciaGayHarden",90,France,CastleRockEntertainment
Look Who's Talking Now!,1993,,"Comedy,Romance,Family","DianeKeaton,OlympiaDukakis,CharlesBarkley,KirstieAlley,TabithaLupien",90,France,TriStarPictures
"Love, Honour and Obey",2000,,"Crime,Comedy,Action,Thriller","JonnyLeeMiller,JudeLaw,RayWinstone,KathyBurke,LailaMorse",90,UnitedStatesofAmerica,FugitiveFeatures
Chloe,2009,,"Drama,Mystery,Thriller","SevernThompson,DavidReale,JulieKhaner,TamsenMcDonough,R.H.Thomson",90,UnitedStatesofAmerica,"OutpostStudios,StudioCanal,TheMontecitoPictureCompany"
Darkweb,2016,,"Thriller,Action","SamSchweikert,LiannaLiew,MeganHui,DianaRudychenko,TristanRobin",90,UnitedStatesofAmerica,ActeursAuteursAssociés(AAA)
Preaching to the Perverted,1997,,Comedy,"JulieGraham,IanEmbleton,TomBell,ChristienAnholt,JulianWadham",90,UnitedStatesofAmerica,"CyclopsVision,PTTPFilms"
Return of the Living Dead 3,1993,,"Comedy,Horror,ScienceFiction,Romance","MichaelDeak,J.TrevorEdmond,MelindaClarke,BrianPeck,MikeMoroff",90,UnitedStatesofAmerica,OzlaProductions
Alone Yet Not Alone,2013,,"History,Drama,Action","IanNelson,IvanLinow,JennGotzonChandler,KellyGreyson,HayleyLovitt",90,Norway,EnthuseEntertainment
Bangistan,2015,,"Drama,Comedy","ShivkumarSubramaniam,ErikaGuntherová,TomaszKarolak,RajeshSharma,TomAlter",90,UnitedStatesofAmerica,"JungleePictures,ExcelEntertainment"
The Blood Harvest,2016,,Horror,"GordonThorpe,HobartBosworth,RobertBrower,HelenWare,WilliamL.Thorne",90,Canada,YellowFeverProductions
The House on Pine Street,2015,,"Drama,Horror","EmilyGoss,NataliePellegrini,LiamMacdonald,Luc,Hyisheem",90,UnitedStatesofAmerica,E3WProductions
One Eight Seven,1997,,"Thriller,Drama","TonyPlana,LizadelMundo,MethodMan,LeonardL.Thomas,DominicHoffman",90,UnitedStatesofAmerica,IconEntertainmentInternational
Camera Trap,2015,,"Horror,Thriller","MarkBonnar,AnaUlaru,RossMarquand,PaulThornley,",90,UnitedKingdom,BigscopeFilms
Anger of the Dead,2015,,"Horror,Drama","MichaelSegal,MariusBizau,AaronStielstra,DésiréeGiorgetti,ClaudioCamilli",90,UnitedStatesofAmerica,"EventFilmDistribution,ExtremeVideoSnc"
The Ultimate Legacy,2015,,"TVMovie,Comedy,Drama,Adventure","KkHeim,AdrienneC.Moore,BillCobbs,AliHillis,RaquelWelch",90,UnitedStatesofAmerica,ReelWorksStudios
Sensoria,2015,,"Drama,Thriller,Horror","SamanthaDawn,AlidaMorberg,KarinBertling,RafaelPettersson,JoeHendrick",90,UnitedStatesofAmerica,"FilmiSkåne,StudioKorsholm"
Superman/Batman: Public Enemies,2009,,"Adventure,Animation,Family,Action","XanderBerkeley,BrianGeorge,JonathanAdams,BruceTimm,JohnC.McGinley",90,UnitedStatesofAmerica,"DCEntertainment,DCComics,WarnerPremiere"
Let's Do It Again,1975,,"Crime,Comedy","DeniseNicholas,JimmieWalker,OssieDavis,BillCosby,SidneyPoitier",90,UnitedStatesofAmerica,"WarnerBros.Pictures,FirstArtists,VerdonProductionsLimited"
Alice Upside Down,2007,,"Drama,Family,Romance","PennyMarshall,LukePerry,JonaXiao,BorisKodjoe,AshleyEckstein",90,UnitedStatesofAmerica,UniversalPictures
More than a Game,2008,,Documentary,"LeBronJames,AislingGoodman,JaydenHolman,SamuelGraemeMartin,EmeryWright",90,UnitedStatesofAmerica,HarveyMasonMedia
White Man's Burden,1995,,Drama,"JasonKristofer,SherylLeeRalph,JohnTravolta,BumperRobinson,SethGreen",90,Italy,"RysherEntertainment,ABandApart,HBO"
Christmas for a Dollar,2013,,"Drama,Family","BrianKrause,JacobBuster,JamesGaisford,MarkSpain,NancyStafford",90,UnitedStatesofAmerica,"PaulistProductions,CovenantCommunications"
Swung,2015,,"Romance,Drama","ShaunaMacdonald,DavidElliot,ElenaAnaya,StevenCree,OwenMcDonnell",90,France,"SigmaFilmProductions,BoudicaFilms"
Fight to the Finish,2016,,"Romance,Action","JenniferHale,EvanHannemann,VincentDePaul,AnnaRoss,TonyaKay",90,Canada,"TripleDProductions,CalTexFilms"
Swinging with the Finkels,2011,,"Romance,Comedy","MartinFreeman,MandyMoore,JonathanSilverman,JerryStiller,MelissaGeorge",90,Spain,KintopPictures
The Corsican Brothers,1941,,"Drama,Adventure","JohnEmery,IsabelLaMal,JamesCraven,RalphDunn,VedaAnnBorg",90,Norway,EdwardSmallProductions
Janky Promoters,2009,,Comedy,"TamalaJones,GlennPlummer,AlomaWright,JuanitaJennings,IceCube",90,UnitedStatesofAmerica,"CubeVision,DimensionFilms"
Raajneeti,2010,,"Thriller,Drama","ArjunRampal,ManojBajpayee,NanaPatekar,NaseeruddinShah,AjayDevgn",90,UnitedStatesofAmerica,UTVMotionPictures
McVicar,1980,,"Crime,Drama","CherylCampbell,MalcolmTierney,TonyRohr,BrianHall,TonyHaygarth",90,Germany,"Polytel,TheWhoFilms"
The Adventures of Elmo in Grouchland,1999,,"Comedy,Music,Adventure,Family,Fantasy","DavidRudman,KirkR.Thatcher,SoniaManzano,AlisonBartlett,BillBarretta",90,Canada,"ColumbiaPictures,Children'sTelevisionWorkshop(CTW),JimHensonPictures,SonyPictures,GlobalMedienKG"
Unhallowed Ground,2015,,"Horror,Thriller","AmeetChana,RichardDerrington,ThomasLaw,PoppyDrayton,MorganePolanski",90,UnitedStatesofAmerica,AviaryFilms
Operation: Daybreak,1975,,"Action,War","JosefAbrhám,JiříKrampol,TimothyBottoms,KikaMarkham,NeilMcCarthy",90,UnitedKingdom,"Vista,CeskoslovenskýFilmexport,FilmovéStudioBarrandov,AmericanAlliedPictures,HowardR.Schuster"
The Carrier,2015,,"Thriller,Drama,Action,ScienceFiction","KarenBryson,JoeDixon,JackGordon,JosieTaylor,EdmundKingsley",90,Canada,"MegatopiaFilms,PremierePicture,SPEISLimited"
Cedonia Avenue,2015,,"Action,Drama","LeannDonovan,NicholasBianchi,JonathanWallace,",90,UnitedStatesofAmerica,MVDEntertainment
The Guardsman,1931,,"Comedy,Drama","ZasuPitts,RolandYoung,MaudeEburne,HermanBing,AnnDvorak",90,UnitedStatesofAmerica,Metro-Goldwyn-Mayer
The Rack Pack,2016,,"Drama,Comedy","NicholaBurley,CaolanByrne,TomFisher,WillMerrick,ChrisCorrigan",90,UnitedStatesofAmerica,"Zeppotron,BritishBroadcastingCorporation,BlackGatePictures"
Korengal,2014,,"War,Documentary","AronHijar,Juan""Doc""Restrepo,LaMontaCaldwell,DanKearney,MamrieHart",90,UnitedKingdom,"MotionPictureGroup,The"
Space Cop,2016,,"ScienceFiction,Action,Comedy","WilliamLau,ChikeJohnson,AliKtiri,RonnieMcCawley,LucilleSadikin",90,UnitedStatesofAmerica,RedLetterMedia
French Blood,2015,,Drama,"AlbanLenoir,PaulHamy,AlexMartin,SamuelJouy,DonnyCaicedo",90,UnitedStatesofAmerica,FinAoûtProductions
The Babysitters,2007,,Drama,"KimShaw,JohnLeguizamo,BridgetRegan,DenisO'Hare,AnnDowd",90,China,"ForensicFilms,UploadFilms,O.D.D.Entertainment,RebelFilms"
Candleshoe,1977,,Family,"DavidNiven,MichaelBalfour,JohnAlderson,HelenHayes,VeronicaQuilligan",90,Canada,WaltDisneyProductions
No Escape,1994,,"Drama,ScienceFiction,Action,Thriller","BarryDuffield,ColinMoody,KevinDillon,DavidWenham,MichaelLerner",90,UnitedStatesofAmerica,"ColumbiaPictures,AlliedFilmmakers,PacificWestern,PlatinumPictures"
Full of Grace,2015,,Drama,"MerikTadros,KelseyAsbille,EddieKaulukukui,NoamJenkins,MazSiam",90,Canada,"OutsideDaBox,ReKonProductions,JustinBellProductions"
We Are Monsters,2015,,"Horror,Drama,Thriller","RalfBeck,PaulO'Bryan,KlaraMcDonnell,ElgaFox,SonyaO'Donoghue",90,UnitedStatesofAmerica,StockholmSyndromeFilm
Asteroid: Final Impact,2015,,Action,"LochlynMunro,AnnaVanHooft,SharonTaylor,PeterBrown,JoshuaBallard",90,UnitedKingdom,FrostbitePictures
American Hardcore,2006,,"Music,Documentary","IanMacKaye,Moby,HenryRollins,MikePatton,BreanneBenson",90,UnitedStatesofAmerica,EnvisionFilms
Kickin' It Old Skool,2007,,Comedy,"StuartStone,MiguelA.Núñez,Jr.,VivicaA.Fox,EmmanuelLewis,BobbyLee",90,UnitedStatesofAmerica,YariFilmGroup
Americathon,1979,,Comedy,"TerenceMcGovern,ZaneBuzby,JohnRitter,GeorgeCarlin,NellieBellflower",90,UnitedStatesofAmerica,"UnitedArtists,LorimarFilmgesellschaftGmbH"
The Doberman Gang,1972,,"Action,Crime,Comedy","JulieParrish,SimmyBow,JoJoD'Amore,LianaO'Cleirigh,RuthMcGill",90,Ireland,RosamundProductionsInc.
Extremities,1986,,"Thriller,Drama","SandyMartin,EddieVelez,DonnaLynnLeavy,AlfreWoodard,ClareWren",90,UnitedStatesofAmerica,AtlanticEntertainmentGroup
Cat's Eye,1985,,"Thriller,Comedy,Horror","JamesNaughton,FrankWelker,AlanKing,JamesWoods,CharlesS.Dutton",90,UnitedStatesofAmerica,"DinoDeLaurentiisCompany,InternationalFilmCorporation,FamousFilms"
What's Your Number?,2011,,"Romance,Comedy","JohnFranchi,IvanaMiličević,ZacharyQuinto,EdBegleyJr.,ThomasLennon",90,Germany,"NewRegencyPictures,Contrafilm,RegencyEnterprises"
The Scream Team,2002,,"TVMovie,Fantasy,Comedy","NigelBennett,TommyDavidson,KatDennings,ZoiePalmer,EdieInksetter",90,UnitedStatesofAmerica,"DisneyChannel,HartbreakFilms"
Gypsy 83,2001,,Drama,"JohnDoe,SaraRue,ErikaGuillory,PauloCostanzo,HeatherLitteer",90,SouthKorea,"LunaPictures,StaccatoFilms,VelvetFilms"
The Conformist,1970,,Drama,"FoscoGiachetti,GastoneMoschin,PierreClémenti,StefaniaSandrelli,YvonneSanson",90,SouthAfrica,"MarianneProductions,MarsFilms,MaranFilm"
The Bargee,1964,,Comedy,"JuliaFoster,HarryH.Corbett,MiriamKarlin,RonnieBarker,HughGriffith",90,Canada,Galton-Simpson
Narc,2002,,"Drama,Crime,Thriller,Action","RayLiotta,JasonPatric,StaceyFarber,JohnOrtiz,BustaRhymes",90,UnitedStatesofAmerica,"Paramount,Cruise/WagnerProductions,LionsGateFilms"
The Encounter,2015,,"ScienceFiction,Horror","ClintJames,OwenConway,JunjiIijima,NilsBrück,",90,UnitedKingdom,FunHouseFeatures
Toni Braxton: Unbreak My Heart,2016,,"Drama,Music,TVMovie","VictoriaBidewell,GregDavisJr.,ArlinaRodríguez,ToniBraxton,BrandiAlexander",90,SouthKorea,"LINKEntertainment,LighthousePictures"
Jesse Stone: Lost in Paradise,2015,,"Crime,Mystery,Drama,TVMovie","KerriSmith,WilliamSadler,GillianAnderson,ChristineTizzard,GloriaReuben",90,UnitedKingdom,SonyPicturesTelevision
Iron Eagle III,1992,,"Thriller,Action","HorstBuchholz,FredDaltonThompson,MitchellRyan,RayMancini,ChristopherCazenove",90,UnitedStatesofAmerica,"SevenArtsPictures,CarolcoPictures"
Once Upon a Winter's Date,2017,,Romance,"KarenHassan,GregVaughan,MarinaSirtis,EmmaSutton,AndrewHawley",90,UnitedKingdom,UFOInternationalProductions
Super Mario Bros.,1993,,"Adventure,Comedy,Fantasy,Family","DanCastellaneta,FisherStevens,FrankWelker,SamanthaMathis,MojoNixon",90,UnitedKingdom,"Nintendo,HollywoodPictures,CinergiPicturesEntertainment,AlliedFilmmakers"
A Close Shave,1996,,"Animation,Family,Comedy","AnneReid,JustinFletcher,PeterHawkins,PeterSallis,",90,UnitedStatesofAmerica,AardmanAnimations
Lenny Cooke,2013,,Documentary,"FrankSchendler,",90,India,ShopKornProductions
The Pirates Who Don't Do Anything: A VeggieTales Movie,2008,,"Adventure,Comedy,Family,Animation,ScienceFiction","PhilVischer,MikeNawrocki,SondraMortonChaffin,YuriLowenthal,AlexanderC.Mulzac",90,SouthKorea,"ArcProductions,StarzAnimation,BigIdeaProductions"
Princess of Mars,2009,,"Fantasy,ScienceFiction,War","MattLagan,KimberlyAblesJindra,MattLasky,JayBeyers,AntonioSabàto,Jr.",90,UnitedStatesofAmerica,TheAsylum
Puppet Master: Axis of Evil,2010,,Horror,"EricaShaffer,TomSandoval,TaylorM.Graham,LeviFiehler,PaulinaBachmann",90,Australia,FullMoonFeatures
Puppet Master: The Legacy,2003,,"Horror,ScienceFiction,Fantasy","StephenBlackehart,WalterGotell,MichelleBauer,JacobWitkin,RichardLynch",90,UnitedStatesofAmerica,"FullMoonFeatures,ShadowEntertainment"
Retro Puppet Master,1999,,Horror,"MihaiVerbintschi,MonicaBhargava,ȘerbanCelea,GuyRolfe,GregSestero",90,UnitedStatesofAmerica,FullMoonPictures
Puppet Master 5: The Final Chapter,1994,,"Horror,Fantasy,ScienceFiction","GordonCurrie,RonO'Neal,GuyRolfe,DianeMcBain,DuaneWhitaker",90,UnitedStatesofAmerica,FullMoonEntertainment
Puppet Master 4,1993,,Horror,"GuyRolfe,FeltonPerry,ChandraWest,AshAdams,GordonCurrie",90,UnitedStatesofAmerica,FullMoonEntertainment
The Shunning,2011,,Drama,"JasonDuffyKlemm,RichardFullerton,ZachHumphreys,MaryCatherineWells,AshleyBrinkman",90,UnitedStatesofAmerica,ProvidentFilms
Hell in Normandy,1968,,"War,TVMovie,Drama","GiuseppeCastellano,PeterLeeLawrence,GuyMadison,ErikaBlanc,PhilippeHersent",90,Australia,"Alcinter,RhodesInternacional,S.P.A."
Somebody Help Me 2,2010,,Horror,"Omarion,MarquesHouston,Malika,GradyWells,JenniferJuvenelle",90,Spain,AZFilmProduction
Somebody Help Me,2007,,Horror,"MarquesHouston,DonnaDuPlantier,Omarion,BrooklynSudano,BraxtonDavis",90,Germany,"TheUltimateGroupFilms(TUG),FranchiseBoysFilms,BasementFilms,ChristopherBrianFilms"
Animalympics,1980,,"Animation,Comedy,Family","BillyCrystal,HarryShearer,GildaRadner,JesseFerraro,",90,UnitedStatesofAmerica,LisbergerStudios
Evil Toons,1992,,"Horror,Comedy,Animation","ArteJohnson,DickMiller,FredOlenRay,MoniqueGabrielle,SuzanneAger",90,Thailand,"AmericanIndependentProductions,Curb/EsquireFilms"
Love's Unfolding Dream,2007,,"TVMovie,Drama,Romance,Family,Western","RobertPine,SamanthaSmith,VictorBrowne,DaleMidkiff,ScoutTaylor-Compton",90,UnitedStatesofAmerica,"LarryLevinsonProductions,RHIEntertainment,AlpineMedienProductions"
Wayne's World,1992,,"Music,Comedy","MikeMyers,MichaelDeLuise,RobertPatrick,CharlesNoland,LaraFlynnBoyle",90,UnitedStatesofAmerica,Paramount
Honey I Blew Up the Kid,1992,,"Adventure,Family,ScienceFiction,Comedy","JohnShea,RonCanada,MichaelMilhoan,GregorySierra,AdamDonaldson",90,UnitedStatesofAmerica,"TouchwoodPacificPartners1,WaltDisneyPictures"
Jeremiah Johnson,1972,,"Western,Adventure","JoaquinMartinez,PaulBenedict,AllynAnnMcLerie,JackColvin,WillGeer",90,UnitedStatesofAmerica,"WarnerBros.Pictures,SanfordProductions(III)"
Totally Baked,2007,,Comedy,"BrookeHasalton,KellyPerine,HeatherSossaman,DaleMidkiff,CraigShoemaker",90,UnitedStatesofAmerica,LuisMoroProductions
An Innocent Man,1989,,"Action,Drama,Crime,Thriller,Comedy","TomSelleck,BrianJ.Williams,PeterVanNorden,LailaRobins,DavidRasche",90,UnitedStatesofAmerica,TouchstonePictures
The Burning Bed,1984,,"TVMovie,Drama,Crime","PaulLeMat,FarrahFawcett,RichardMasur,PenelopeMilford,SonnyCarlDavis",90,UnitedStatesofAmerica,Tisch/AvnetProductionsInc.
"Liar, Liar, Vampire",2015,,Comedy,"LarissaAlbuquerque,TieraSkovbye,BrecBassinger,RahartAdams,",90,UnitedStatesofAmerica,"PacificBayEntertainment,PacificBayEntertainmentCanada"
Dark Blood,2012,,Thriller,"JudyDavis,JohnTrudell,RiverPhoenix,RodneyA.Grant,GeorgeAguilar",90,UnitedStatesofAmerica,"FineLineFeatures,ScalaProductions"
At Granny's House,2015,,Thriller,"RachelAlig,LauraLee,EthanSawyer,DestineeDunkin-Klyne,AndrewInman",90,UnitedStatesofAmerica,VagabondEntertainment
The Reaping,2007,,Horror,"DavidMorrissey,StuartGreer,YvonneLandry,StephenRea,SamuelGarland",90,Canada,"DarkCastleEntertainment,VillageRoadshowPictures,WarnerBros.Pictures,Eyetronics,ChimeFilms"
Riverworld,2003,,"Thriller,ScienceFiction,Fantasy","PatrickKake,KarenHolness,KevinSmith,EmilyLloyd,CameronDaddo",90,Canada,AllianceAtlantisCommunications
Sneakers,1992,,"Comedy,Crime,Drama","MaryMcDonnell,RiverPhoenix,DavidStrathairn,RobertRedford,JamesEarlJones",90,UnitedStatesofAmerica,UniversalPictures
Phantom,2015,,"Thriller,Action","HayleyJoanneBacon,ClaireGreasley,RajeshTailang,DenzilSmith,SaifAliKhan",90,UnitedStatesofAmerica,"UTVMotionPictures,NadiadwalaGrandsonEntertainment"
Madea's Witness Protection,2012,,"Drama,Comedy,Crime","TomArnold,DevanLeos,TylerPerry,MarlaGibbs,JohnAmos",90,Ireland,TylerPerryStudios
AfterDeath,2015,,"Thriller,Horror,Mystery","MirandaRaison,DaniellaKertesz,ElaricaJohnson,SamKeeley,WalterSwierk",90,UnitedStatesofAmerica,"AcheronFilms,VituhminProductions"
LEGO Friends: Girlz 4 Life,2016,,"Family,Animation","EricaMendez,AlexaKahn,MarianneMiller,SouljaBoy,",90,India,WarnerBros.HomeEntertainmentGroup
The Boys in Company C,1978,,War,"JamesCanning,StanShaw,JamesWhitmoreJr.,SantosMorales,MichaelLembeck",90,India,"ColumbiaPictures,GoldenHarvestCompany,GoodTimesFilmsS.A."
Spaced Invaders,1990,,"ScienceFiction,Comedy,Family","DouglasBarr,ArianaRichards,WilliamHolmes,PatrikaDarbo,RoyalDano",90,India,"SilverScreenPartnersIV,TouchstonePictures"
Gymkata,1985,,"Drama,Action","TadashiYamashita,ConanLee,RichardNorton,TetchieAgbayani,EdwardBell",90,Malta,Metro-Goldwyn-Mayer
Clean Hands,2015,,"Thriller,Crime,Drama","JamesChilliChillingworth,JohnMacRae,RickCordeiro,JerryA.Ziler,DavidO'Connor",90,Pakistan,MotodaMedia
Ungodly Acts,2015,,"Thriller,TVMovie,Drama","IainBelcher,NicoleOliver,MorganTaylorCampbell,AshleighGryzko,VincentGale",90,UnitedKingdom,FrontStreetPictures
The Three Musketeers,1993,,"Action,Adventure,Comedy","MichaelWincott,RebeccaDeMornay,PaulMcGann,TimCurry,ChrisO'Donnell",90,UnitedStatesofAmerica,"WaltDisneyPictures,CaravanPictures"
The Baby-Sitters Club,1995,,"Drama,Comedy,Family","BrookeAdams,BruceDavison,VanessaZima,AustinO'Brien,SchuylerFisk",90,UnitedStatesofAmerica,"BeaconPictures,ColumbiaPictures"
Summer of '92,2015,,"Comedy,Drama","MikkelBoeFølsgaard,BirgitteHjortSørensen,BillWeiss,LeneMariaChristensen,JacobUlrikLohmann",90,UnitedKingdom,"MetaFilm,PeaPieFilms"
Hitchcock,2012,,Drama,"MichaelStuhlbarg,RalphMacchio,RichardPortnow,MichaelWincott,ToniCollette",90,UnitedStatesofAmerica,"FoxSearchlightPictures,TheMontecitoPictureCompany,PranaStudios,ColdSpringPictures,IngeniousMedia,DuneEntertainment,BigScreenProductions"
Dr. Dolittle: Million Dollar Mutts,2009,,"Family,Comedy,Fantasy","SarahDeakins,DoronBell,ElizabethThai,VickiLewis,IanThompson",90,UnitedStatesofAmerica,20thCenturyFoxHomeEntertainment
The Inevitable Defeat of Mister & Pete,2013,,Drama,"JordinSparks,JeffreyWright,AnthonyMackie,EthanDizon,JenniferHudson",90,UnitedStatesofAmerica,"StateStreetPictures,FlorenShiehProductions,iDealPartnersFilmFund,VentureForth,ArcherGray,UnifiedPictures"
The Thirteenth Floor,1999,,"ScienceFiction,Thriller,Mystery","CraigBierko,BobClendenin,JeremyRoberts,RachelWinfree,LeonRippy",90,UnitedStatesofAmerica,CentropolisFilmProductions
Love Jones,1997,,"Drama,Comedy,Romance","LarenzTate,LisaNicoleCarson,BillBellamy,NiaLong,IsaiahWashington",90,UnitedStatesofAmerica,"NewLineCinema,AddisWechslerPictures"
Sex and the City,2008,,"Drama,Comedy,Romance","JasonLewis,AnnaleighAshford,AlexandraFong,CynthiaNixon,GillesMarini",90,UnitedStatesofAmerica,"HBO,NewLineCinema,DarrenStarProductions"
Love on the Sidelines,2016,,"TVMovie,Romance,Comedy","TommyEurope,FrancoSilva,JohnReardon,VictorZinckJr.,JamesKirk",90,UnitedStatesofAmerica,GoalpostPictures
Hate Story 3,2015,,"Thriller,Drama","PriyanshuChatterjee,ZareenKhan,SharmanJoshi,PujaGupta,DaisyShah",90,UnitedStatesofAmerica,T-Series
Sarfarosh,1999,,"Action,Drama","SonaliBendre,AkhilendraMishra,ManojJoshi,NawazuddinSiddiqui,MukeshRishi",90,Russia,CinemattPicturesPvtLtd
The Apostle Peter: Redemption,2016,,Drama,"DennisAndres,BobbiePhillips,JohnRhys-Davies,StephenBaldwin,SteveByers",90,UnitedStatesofAmerica,"LeifFilms,SugarShackNorthBayProductions"
Getting Go: The Go Doc Project,2013,,Drama,"TannerCohen,RamónOlmosTorres,MatthewCamp,JudyMcLane,",90,UnitedStatesofAmerica,SpeakProductions
Mr. Popper's Penguins,2011,,"Comedy,Family","JamesTupper,DylanClarkMarshall,MaxwellPerryCotton,MadelineCarroll,KelliBarrett",90,UnitedStatesofAmerica,"DavisEntertainment,20thCenturyFox,DuneEntertainmentIII,DuneEntertainment"
Nowitzki: The Perfect Shot,2014,,Documentary,"SteveNash,MarkCuban,DirkNowitzki,KobeBryant,ScottyReynolds",90,UnitedStatesofAmerica,BroadviewPictures
House of Anubis: The Touchstone of Ra,2013,,"Family,Fantasy,Drama,Mystery","KlarizaClayton,PaulAntony-Barber,BurkleyDuffield,AlexandraShipp,TasieLawrence",90,UnitedStatesofAmerica,"NickelodeonProductions,LimePictures,Studio100"
Jumping Ship,2001,,"Drama,Family,TVMovie,Comedy","SusanWalters,StephenCollins,AndrewLawrence,JoeyLawrence,MatthewLawrence",90,UnitedStatesofAmerica,DisneyChannel
Enter the Ninja,1981,,"Action,Crime,Drama","FrancoNero,AlexCourtney,ShoKosugi,JooneeGamboa,SusanGeorge",90,UnitedStatesofAmerica,"CannonGroup,Golan-GlobusProductions,CityFilm"
Johnny Tsunami,1999,,"Family,Drama,TVMovie","Cary-HiroyukiTagawa,MaryPageKeller,BrandonBaker,YujiOkumoto,LeeThompsonYoung",90,UnitedStatesofAmerica,"FilmRomanProductions,DisneyChannel"
Brink!,1998,,Drama,"WalterJones,GeoffreyBlake,SamHorrigan,ChristinaVidal,ErikvonDetten",90,India,DisneyChannel
"Good Morning, Vietnam",1987,,"Drama,War,Comedy","DanStanton,ChintaraSukapatana,RichardPortnow,NobleWillingham,JuneySmith",90,UnitedStatesofAmerica,"TouchstonePictures,SilverScreenPartnersIII"
The Seventh Victim,1943,,"Horror,Drama,Mystery","MiltonKibbee,IsabelJewell,BenBard,ElizabethRussell,MargueritaSylva",90,UnitedStatesofAmerica,RKORadioPictures
Gabbeh,1996,,"Drama,Romance,Mystery","DanielleBeckwith,AlexJohnson,MadelonCurtis,RichardZeringue,AbigailDuhon",90,UnitedStatesofAmerica,"MK2Productions,SanayeDasti"
Wild Is the Wind,1957,,"Romance,Drama","JosephCalleia,AnthonyFranciosa,AnthonyQuinn,AnnaMagnani,AnthonyEvans",90,India,Wallis-Hazen
The Seventh Sign,1988,,"Thriller,Fantasy,Horror","LeonardoCimino,HugoStanger,MichaelLaskin,JürgenProchnow,AkosuaBusia",90,Canada,"MLDelphiPremierProductions,TriStarPictures,InterscopeCommunications"
The Prophecy: Forsaken,2005,,"Thriller,Horror","JasonLondon,GeorgeGrigore,TonyTodd,JohnLight,JasonScottLee",90,UnitedStatesofAmerica,"CastelFilm,DimensionFilms"
The Submarine Kid,2016,,Drama,"EmiliedeRavin,JackColeman,NancyTravis,FinnWittrock,JessicaBues",90,UnitedStatesofAmerica,"StylesFourProductions,SterlingFeatures,CoronetFilms"
Sucker,2015,,Comedy,"TimothySpall,KatStewart,LilySullivan,ElizabethWiltshire,",90,UnitedStatesofAmerica,"RobynKershawProductions,GuiltyContent"
Cobb,1994,,Drama,"TommyLeeJones,LolitaDavidovich,ScottBurkholder,J.KennethCampbell,NedBellamy",90,UnitedStatesofAmerica,"WarnerBros.Pictures,RegencyEnterprises,AlcorFilms,AleorFilms"
Mame,1974,,"Music,Comedy","JoyceVanPatten,BruceDavison,AudreyChristie,JaneConnell,DonPorter",90,UnitedStatesofAmerica,WarnerBros.Pictures
Bill & Ted's Bogus Journey,1991,,"Comedy,ScienceFiction,Adventure,Fantasy,Music","BrunoFalcon,SarahTrigger,AceUnderhill,MichaelChambers,DanaStevens",90,UnitedKingdom,"OrionPictures,NelsonEntertainment"
Wisdom,1986,,"Drama,Crime","DanLouis,",90,UnitedStatesofAmerica,GladdenEntertainment
My Sweet Audrina,2016,,"Thriller,Drama,TVMovie","JenniferCopping,JamesTupper,HannahCheramy,MatthewKevinAnderson,ImogenTear",90,UnitedStatesofAmerica,"JaneStartzProductions,EveryWhereStudios,A+EStudios"
Western Religion,2015,,Western,"ArdeshirRadpour,StigEldred,BuddyDaniels,MerikTadros,ClaudeDuhamel",90,UnitedStatesofAmerica,3rdPartnerProductions
Heroes of Dirt,2015,,"Drama,Action","WilliamMartinez,JaimeLee,AmySimon,",90,CzechRepublic,BlueTrailEntertainment
Lawless Range,2016,,"Drama,Western","BeauBridges,DaniellaAlonso,JacquieBarnbrook,JustinArnold,PatrickJohnFlueger",90,Canada,PacePictures
StalkHer,2015,,"Romance,Comedy,Thriller","RobertColeby,KaarinFairfax,JohnJarratt,AnnaAdams,DominicArellano",90,China,"OZPIXEntertainment,BacklotFilms"
The Games Maker,2014,,"Adventure,Family","ValentinaLodovini,AlejandroAwada,DavidMazouz,JosephFiennes,EdAsner",90,Ireland,"PampaFilms,SepiaFilms,TelevisiónFederal(Telefe),BenteveoProducciones,DAPItaly,7GlabEntertainment,OrinocoFilms"
Her Best Move,2007,,"Family,Comedy,Drama","ScottPatterson,LeahPipes,Lalaine,DrewTylerBell,LisaDarr",90,Austria,"SummertimeFilms,HerBestMoveLLC"
Onegin,1999,,"Romance,Drama","MartinDonovan,TobyStephens,RalphFiennes,LenaHeadey,LivTyler",90,UnitedStatesofAmerica,"OneginProductions,CanWestGlobalCommunicationsCorporationt"
The Inkwell,1994,,"Comedy,Drama,Romance","JoeMorton,MorrisChestnut,SuzzanneDouglas,LarenzTate,A.J.Johnson",90,UnitedStatesofAmerica,TouchstonePictures
Hate Story 2,2014,,"Drama,Thriller","BikramjeetKanwarpal,SushantSingh,SunnyLeone,JayBhanushali,RajeshKhera",90,UnitedStatesofAmerica,T-Series
Shockwave Darkside,2014,,"Horror,ScienceFiction,Action","BillSage,MeilingMelançon,ConanMarchi,SonequaMartin-Green,AlexanderCendese",90,UnitedKingdom,"FavoritFilm,PipelineEntertainment,RedGiantMedia"
Field of Lost Shoes,2015,,"War,Action,Drama,History","LukeBenward,LaurenBrown,WernerDaehn,",90,UnitedKingdom,"Brookwell-McNamaraEntertainment,TredegarFilmWorks"
The Eternal Zero,2013,,"War,Drama","JunFubuki,HirofumiArai,ShotaSometani,HarumaMiura,GakuHamada",90,UnitedStatesofAmerica,"AmuseSoftEntertainment,TohoCompany,Ltd."
Bronson,2008,,"Drama,Action,Crime","PaulDonnelly,MattKing,JonnyPhillips,JonHouse,JamesLance",90,UnitedStatesofAmerica,"VertigoFilms,AramidEntertainmentFund,EMMedia,Str8jacketCreations,4DHFilms,PerfumeFilms"
Confessions of a Serial Killer,1985,,"Crime,Horror","DaynaBlackwell,EleeseLester,HeidiHastings,ErikFreund,JosephVictor",90,NewZealand,CedarwoodProductions
Downton Abbey Live!,2019,,TVMovie,"HarryHadden-Paton,LesleyNicol,PhyllisLogan,HughBonneville,AnnaMaryScottRobbins",88,UnitedStatesofAmerica,PublicBroadcastingService(PBS)
Justine,2019,,Drama,"GlynnTurman,StephanieTurner,",105,Croatia,XXX
Fist & Furious,2019,,"Action,Crime","SeoEun-ah,RyuDeok-hwan,JungDoo-hong,JeongUi-gap,",90,UnitedStatesofAmerica,"kth,BlossomPictures,반딧불"
The Master,2019,,Documentary,"YooSun,",85,Spain,26Company
Thumbaa,2019,,Adventure,"JayamRavi,GeorgeVijay,KPYDheena,Darshan,KeerthiPandian",123,India,"KJRStudios,RegalReels,RollTimeStudios"
Red Nose Day 2019,2019,,Comedy,"TerryCrews,",85,UnitedKingdom,NBCStudios
La Llorona Curse,2019,,Horror,"NicholeCeballos,ParkerRiggs,GabrielleSantamauro,",78,UnitedStatesofAmerica,DarkLightningFilms
Iron Fists and Kung Fu Kicks,2019,,Documentary,XXX,80,UnitedStatesofAmerica,MIFFPremiereFund
Night,2019,,Horror,"GiannaJacobs,NicholasMichaelJacobs,DanielleIannucci,AlexisBeacher,",65,Canada,XXX
God,2019,,Documentary,XXX,63,UnitedStatesofAmerica,MapaFílmicodeunPaís(MAFI)
Magnet,2019,,Drama,"JabardasthRakesh,JabardasthApparao,Bharani,AbhinavSardar,DragonPrakash",152,Germany,LordShivaCreations
Stranger than Jesus,2019,,Drama,"JoBok-rae,YeoKyun-dong,",80,UnitedStatesofAmerica,Mirospace
PSYCHO-PASS Sinners of the System: Case.3 - In the Realm Beyond Is ____,2019,,"ScienceFiction,Animation,Crime","TomokazuSeki,TsutomuIsobe,TomoyukiShimura,SumireMorohoshi,SatoshiTsuruoka",90,HongKong,ProductionI.G
Paris Paris,2019,,"Drama,Comedy","KajalAgarwal,ElliAvram,",90,Canada,"LigerCommercialBrokers,MedienteInternationalFilmsLtd"
A History of Jealousy,2019,,"Romance,Drama","KimSeung-hyun,JangSo-yeon,OhJi-ho,NamGyu-ri,SongJae-ho",94,Bulgaria,"STORMPICTURESKOREA,WideRelease"
"Dirty John, The Dirty Truth",2019,,"Documentary,Crime","PaigeMcGarvin,JohnsonCooley,JordanBlock,KeriBunkers,TerraNewell",120,UnitedStatesofAmerica,OxygenMedia
R. Kelly Interview with Gayle King,2019,,History,"R.Kelly,GayleKing,",60,UnitedStatesofAmerica,CBSEntertainmentProductions
Sister's Younger Husband,2016,,"Comedy,Drama,Romance","ParkJoo-bin,JooYe-bin,WiJi-Woong,ChoiChae-il,",75,UnitedStatesofAmerica,XXX
Boarding House 2,2016,,Romance,"JeongNeom-chyeo,EunHa-yeong,",92,UnitedStatesofAmerica,XXX
Yatra,2019,,History,"Mammootty,RaoRamesh,AnasuyaBharadwaj,PosaniKrishnaMurali,SudheerBabu",126,UnitedStatesofAmerica,70mmEntertainments
Sweet Sex,2017,,"Romance,Drama","LeeChae-dam,SinSeong-hoon,YoonSe-na,",89,Spain,XXX
Japanese Mom,2017,,"Romance,Drama","AhnMin-sang,AshitaYuki,MinHo,KangHan-na-I,HaRoo",91,UnitedKingdom,XXX
Young Mother Real 3,2015,,Romance,"KimJeong-ah-II,KimHa-rae,YeongAh,SongYo-sep,",95,UnitedStatesofAmerica,XXX
One on One,2017,,Romance,"SeoHan,YoonSe-na,SangWoo,BaekSe-ri,KangHan-na-I",86,UnitedStatesofAmerica,XXX
Delicious Delivery,2015,,Romance,"SongGi-joon,LeeYe-eun,",84,Norway,XXX
Naan Avan Illai 2,2009,,"Comedy,Action,Romance","Jeevan,RaaiLaxmi,SangeethaKrish,ShwetaMenon,SruthiPrakash",125,UnitedStatesofAmerica,NemichandJhabakProductions
A Day to Do It,2016,,"Romance,Drama","KimSeong-hee-III,LeeIn-joon,LeeSin-ho,LeeSoo-Jin,",75,Italy,XXX
A Unique Movie,2017,,"Comedy,Drama,Romance","LeeChae-dam,AhRi,You,WiJi-woong,KimYeon-soo",82,UnitedKingdom,XXX
Evil and The Mask,2018,,"Mystery,Crime,Drama","YukoAraki,RyoYoshizawa,AkiraEmoto,TatsuyaNakamura,KenMitsuishi",138,UnitedStatesofAmerica,XXX
Aaruthra,2018,,Drama,"Pa.Vijay,K.Bhagyaraj,S.A.Chandrasekhar,Y.G.Mahendran,Mayilsamy",126,UnitedStatesofAmerica,VilMakersProduction
John Leguizamo's Latin History for Morons,2018,,Comedy,"JohnLeguizamo,NelleNugent,OskarEustis,DaphneRubin-Vega,MarkRuffalo",90,SouthKorea,DiamanteContent
"ROH Bound by Honor - West Palm Beach, FL",2018,,Action,"PatrickMartin,JoshHarter,MarkPugh,JaminPugh,TravisGordonLopesJr.",176,UnitedStatesofAmerica,XXX
Some: An Erotic Tale,2017,,"Comedy,Drama","AhnSo-hee-I,민우,가희,Lisa,",80,Germany,XXX
Kilambitaangayaa Kilambitaangayaa,2018,,"Comedy,Drama","K.Bhagyaraj,MansoorAliKhan,PowerstarSrinivasan,AshmithaSubramaniyam,R.V.Udayakumar",118,UnitedStatesofAmerica,XXX
Step-Brother,2016,,"Drama,Romance","HanSe-hee,KimHye-yeon,HyeSeong,MinHo,",81,SouthKorea,XXX
